{
  "products": [
    {
      "id": 1,
      "name": "Scissors",
      "desp": "use this to cut stuffs",
      "price": "150"
    },
    {
      "name": "steak knife",
      "desp": "use this to eat food",
      "price": 10.99,
      "id": 2
    },
    {
      "name": "skewers",
      "desp": "use this to roast foods",
      "price": "51",
      "id": 3
    },
    {
      "name": "fitbit",
      "desp": "use to track fitness",
      "price": 43.45,
      "id": 4
    },
    {
      "name": "any",
      "desp": "dasda",
      "price": 25,
      "id": 5
    }
  ]
}