{
  "products": [
    {
      "id": 1,
      "name": "pen",
      "price": 21
    },
    {
      "id": 3,
      "name": "apple",
      "price": 49
    },
    {
      "name": "pencil",
      "price": 9,
      "id": 4
    },
    {
      "name": "pencil",
      "price": 9,
      "id": 5
    },
    {
      "name": "pencil",
      "price": 9,
      "id": 6
    },
    {
      "name": "pencil",
      "price": 9,
      "id": 7
    },
    {
      "name": "pencil",
      "price": 9,
      "id": 8
    },
    {
      "name": "pencil",
      "price": 9,
      "id": 9
    },
    {
      "name": "pencil",
      "price": 9,
      "id": 10
    },
    {
      "name": "pencil",
      "price": 9,
      "id": 11
    },
    {
      "name": "pencil",
      "price": 9,
      "id": 12
    },
    {
      "name": "pencil",
      "price": 9,
      "id": 13
    },
    {
      "name": "pencil",
      "price": 9,
      "id": 14
    },
    {
      "name": "pencil",
      "price": 9,
      "id": 15
    },
    {
      "name": "pencil",
      "price": 9,
      "id": 16
    },
    {
      "name": "pencil",
      "price": 9,
      "id": 17
    },
    {
      "name": "pencil",
      "price": 9,
      "id": 18
    },
    {
      "name": "pencil",
      "price": 9,
      "id": 19
    },
    {
      "name": "pencil",
      "price": 9,
      "id": 20
    },
    {
      "name": "pencil",
      "price": 9,
      "id": 21
    },
    {
      "name": "pencil",
      "price": 9,
      "id": 22
    }
  ]
}