{
  "products": [
    {
      "name": "pencil",
      "price": 15,
      "id": 3
    },
    {
      "name": "pen",
      "price": 30,
      "id": 4
    },
    {
      "name": "Eraser",
      "price": 5,
      "id": 5
    },
    {
      "name": "Book",
      "price": 150,
      "id": 6
    },
    {
      "name": "Notebook",
      "price": 65,
      "id": 7
    },
    {
      "name": "colorbox",
      "price": 70,
      "id": 8
    },
    {
      "name": "maps",
      "price": 200,
      "id": 9
    }
  ]
}